<?xml version="1.0" encoding="UTF-8"?>
<PodcastGenerator>
	
	<category>
		<id></id>
		<description></description>
	</category>
	<category>
		<id>Arts</id>
		<description>Arts</description>
	</category>
	<category>
		<id>Arts:Design</id>
		<description>Arts:Design</description>
	</category>
	<category>
		<id>Arts:Fashion &amp; Beauty</id>
		<description>Arts:Fashion &amp; Beauty</description>
	</category>
	<category>
		<id>Arts:Food</id>
		<description>Arts:Food</description>
	</category>
	<category>
		<id>Arts:Literature</id>
		<description>Arts:Literature</description>
	</category>
	<category>
		<id>Arts:Performing Arts</id>
		<description>Arts:Performing Arts</description>
	</category>
	<category>
		<id>Arts:Visual Arts</id>
		<description>Arts:Visual Arts</description>
	</category>

	<category>
		<id>Business</id>
		<description>Business</description>
	</category>
	<category>
		<id>Business:Business News</id>
		<description>Business:Business News</description>
	</category>
	<category>
		<id>Business:Careers</id>
		<description>Business:Careers</description>
	</category>
	<category>
		<id>Business:Investing</id>
		<description>Business:Investing</description>
	</category>
	<category>
		<id>Business:Management &amp; Marketing</id>
		<description>Business:Management &amp; Marketing</description>
	</category>
	<category>
		<id>Business:Shopping</id>
		<description>Business:Shopping</description>
	</category>

	<category>
		<id>Comedy</id>
		<description>Comedy</description>
	</category>

	<category>
		<id>Education</id>
		<description>Education</description>
	</category>
	<category>
		<id>Education:Education Technology</id>
		<description>Education:Education Technology</description>
	</category>
	<category>
		<id>Education:Higher Education</id>
		<description>Education:Higher Education</description>
	</category>
	<category>
		<id>Education:K-12</id>
		<description>Education:K-12</description>
	</category>
	<category>
		<id>Education:Language Courses</id>
		<description>Education:Language Courses</description>
	</category>
	<category>
		<id>Education:Training</id>
		<description>Education:Training</description>
	</category>

	<category>
		<id>Games &amp; Hobbies</id>
		<description>Games &amp; Hobbies</description>
	</category>
	<category>
		<id>Games &amp; Hobbies:Automotive</id>
		<description>Games &amp; Hobbies:Automotive</description>
	</category>
	<category>
		<id>Games &amp; Hobbies:Aviation</id>
		<description>Games &amp; Hobbies:Aviation</description>
	</category>
	<category>
		<id>Games &amp; Hobbies:Hobbies</id>
		<description>Games &amp; Hobbies:Hobbies</description>
	</category>
	<category>
		<id>Games &amp; Hobbies:Other Games</id>
		<description>Games &amp; Hobbies:Other Games</description>
	</category>
	<category>
		<id>Games &amp; Hobbies:Video Games</id>
		<description>Games &amp; Hobbies:Video Games</description>
	</category>

	<category>
		<id>Government &amp; Organizations</id>
		<description>Government &amp; Organizations</description>
	</category>
	<category>
		<id>Government &amp; Organizations:Local</id>
		<description>Government &amp; Organizations:Local</description>
	</category>
	<category>
		<id>Government &amp; Organizations:National</id>
		<description>Government &amp; Organizations:National</description>
	</category>
	<category>
		<id>Government &amp; Organizations:Non-Profit</id>
		<description>Government &amp; Organizations:Non-Profit</description>
	</category>
	<category>
		<id>Government &amp; Organizations:Regional</id>
		<description>Government &amp; Organizations:Regional</description>
	</category>

	<category>
		<id>Health</id>
		<description>Health</description>
	</category>
	<category>
		<id>Health:Alternative Health</id>
		<description>Health:Alternative Health</description>
	</category>
	<category>
		<id>Health:Fitness &amp; Nutrition</id>
		<description>Health:Fitness &amp; Nutrition</description>
	</category>
	<category>
		<id>Health:Self-Help</id>
		<description>Health:Self-Help</description>
	</category>
	<category>
		<id>Health:Sexuality</id>
		<description>Health:Sexuality</description>
	</category>

	<category>
		<id>Kids &amp; Family</id>
		<description>Kids &amp; Family</description>
	</category>

	<category>
		<id>Music</id>
		<description>Music</description>
	</category>

	<category>
		<id>News &amp; Politics</id>
		<description>News &amp; Politics</description>
	</category>

	<category>
		<id>Religion &amp; Spirituality</id>
		<description>Religion &amp; Spirituality</description>
	</category>
	<category>
		<id>Religion &amp; Spirituality:Buddhism</id>
		<description>Religion &amp; Spirituality:Buddhism</description>
	</category>
	<category>
		<id>Religion &amp; Spirituality:Christianity</id>
		<description>Religion &amp; Spirituality:Christianity</description>
	</category>
	<category>
		<id>Religion &amp; Spirituality:Hinduism</id>
		<description>Religion &amp; Spirituality:Hinduism</description>
	</category>
	<category>
		<id>Religion &amp; Spirituality:Islam</id>
		<description>Religion &amp; Spirituality:Islam</description>
	</category>
	<category>
		<id>Religion &amp; Spirituality:Judaism</id>
		<description>Religion &amp; Spirituality:Judaism</description>
	</category>
	<category>
		<id>Religion &amp; Spirituality:Other</id>
		<description>Religion &amp; Spirituality:Other</description>
	</category>
	<category>
		<id>Religion &amp; Spirituality:Spirituality</id>
		<description>Religion &amp; Spirituality:Spirituality</description>
	</category>

	<category>
		<id>Science &amp; Medicine</id>
		<description>Science &amp; Medicine</description>
	</category>
	<category>
		<id>Science &amp; Medicine:Medicine</id>
		<description>Science &amp; Medicine:Medicine</description>
	</category>
	<category>
		<id>Science &amp; Medicine:Natural Sciences</id>
		<description>Science &amp; Medicine:Natural Sciences</description>
	</category>
	<category>
		<id>Science &amp; Medicine:Social Sciences</id>
		<description>Science &amp; Medicine:Social Sciences</description>
	</category>

	<category>
		<id>Society &amp; Culture</id>
		<description>Society &amp; Culture</description>
	</category>
	<category>
		<id>Society &amp; Culture:History</id>
		<description>Society &amp; Culture:History</description>
	</category>
	<category>
		<id>Society &amp; Culture:Personal Journals</id>
		<description>Society &amp; Culture:Personal Journals</description>
	</category>
	<category>
		<id>Society &amp; Culture:Philosophy</id>
		<description>Society &amp; Culture:Philosophy</description>
	</category>
	<category>
		<id>Society &amp; Culture:Places &amp; Travel</id>
		<description>Society &amp; Culture:Places &amp; Travel</description>
	</category>

	<category>
		<id>Sports &amp; Recreation</id>
		<description>Sports &amp; Recreation</description>
	</category>
	<category>
		<id>Sports &amp; Recreation:Amateur</id>
		<description>Sports &amp; Recreation:Amateur</description>
	</category>
	<category>
		<id>Sports &amp; Recreation:College &amp; High School</id>
		<description>Sports &amp; Recreation:College &amp; High School</description>
	</category>
	<category>
		<id>Sports &amp; Recreation:Outdoor</id>
		<description>Sports &amp; Recreation:Outdoor</description>
	</category>
	<category>
		<id>Sports &amp; Recreation:Professional</id>
		<description>Sports &amp; Recreation:Professional</description>
	</category>

	<category>
		<id>Technology</id>
		<description>Technology</description>
	</category>
	<category>
		<id>Technology:Gadgets</id>
		<description>Technology:Gadgets</description>
	</category>
	<category>
		<id>Technology:Tech News</id>
		<description>Technology:Tech News</description>
	</category>
	<category>
		<id>Technology:Podcasting</id>
		<description>Technology:Podcasting</description>
	</category>
	<category>
		<id>Technology:Software How-To</id>
		<description>Technology:Software How-To</description>
	</category>

	<category>
		<id>TV &amp; Film</id>
		<description>TV &amp; Film</description>
	</category>

</PodcastGenerator>