<?xml version="1.0" encoding="UTF-8"?>
<PodcastGenerator>

	<language>
		<id>aa</id>
		<description>aa (afar)</description>
	</language>
	<language>
		<id>ab</id>
		<description>ab (abkhazian)</description>
	</language>
	<language>
		<id>af</id>
		<description>af (afrikaans)</description>
	</language>
	<language>
		<id>am</id>
		<description>am (amharic)</description>
	</language>
	<language>
		<id>ar</id>
		<description>ar (arabic)</description>
	</language>
	<language>
		<id>as</id>
		<description>as (assamese)</description>
	</language>
	<language>
		<id>ay</id>
		<description>ay (aymara)</description>
	</language>
	<language>
		<id>az</id>
		<description>az (azerbaijani)</description>
	</language>
	<language>
		<id>ba</id>
		<description>ba (bashkir)</description>
	</language>
	<language>
		<id>be</id>
		<description>be (byelorussian)</description>
	</language>
	<language>
		<id>bg</id>
		<description>bg (bulgarian)</description>
	</language>
	<language>
		<id>bh</id>
		<description>bh (bihari)</description>
	</language>
	<language>
		<id>bi</id>
		<description>bi (bislama)</description>
	</language>
	<language>
		<id>bn</id>
		<description>bn (bengali)</description>
	</language>
	<language>
		<id>bo</id>
		<description>bo (tibetan)</description>
	</language>
	<language>
		<id>br</id>
		<description>br (breton)</description>
	</language>
	<language>
		<id>ca</id>
		<description>ca (catalan)</description>
	</language>
	<language>
		<id>co</id>
		<description>co (corsican)</description>
	</language>
	<language>
		<id>cs</id>
		<description>cs (czech)</description>
	</language>
	<language>
		<id>cy</id>
		<description>cy (welsh)</description>
	</language>
	<language>
		<id>da</id>
		<description>da (danish)</description>
	</language>
	<language>
		<id>de</id>
		<description>de (german)</description>
	</language>
	<language>
		<id>dz</id>
		<description>dz (bhutani)</description>
	</language>
	<language>
		<id>el</id>
		<description>el (greek)</description>
	</language>
	<language>
		<id>en</id>
		<description>en (english)</description>
	</language>
	<language>
		<id>eo</id>
		<description>eo (esperanto)</description>
	</language>
	<language>
		<id>es</id>
		<description>es (spanish)</description>
	</language>
	<language>
		<id>et</id>
		<description>et (estonian)</description>
	</language>
	<language>
		<id>eu</id>
		<description>eu (basque)</description>
	</language>
	<language>
		<id>fa</id>
		<description>fa (persian)</description>
	</language>
	<language>
		<id>fi</id>
		<description>fi (finnish)</description>
	</language>
	<language>
		<id>fj</id>
		<description>fj (fiji)</description>
	</language>
	<language>
		<id>fo</id>
		<description>fo (faeroese)</description>
	</language>
	<language>
		<id>fr</id>
		<description>fr (french)</description>
	</language>
	<language>
		<id>fy</id>
		<description>fy (frisian)</description>
	</language>
	<language>
		<id>ga</id>
		<description>ga (irish)</description>
	</language>
	<language>
		<id>gd</id>
		<description>gd (gaelic)</description>
	</language>
	<language>
		<id>gl</id>
		<description>gl (galician)</description>
	</language>
	<language>
		<id>gn</id>
		<description>gn (guarani)</description>
	</language>
	<language>
		<id>gu</id>
		<description>gu (gujarati)</description>
	</language>
	<language>
		<id>ha</id>
		<description>ha (hausa)</description>
	</language>
	<language>
		<id>hi</id>
		<description>hi (hindi)</description>
	</language>
	<language>
		<id>hr</id>
		<description>hr (croatian)</description>
	</language>
	<language>
		<id>hu</id>
		<description>hu (hungarian)</description>
	</language>
	<language>
		<id>hy</id>
		<description>hy (armenian)</description>
	</language>
	<language>
		<id>ia</id>
		<description>ia (interlingua)</description>
	</language>
	<language>
		<id>ie</id>
		<description>ie (interlingue)</description>
	</language>
	<language>
		<id>ik</id>
		<description>ik (inupiak)</description>
	</language>
	<language>
		<id>in</id>
		<description>in (indonesian)</description>
	</language>
	<language>
		<id>is</id>
		<description>is (icelandic)</description>
	</language>
	<language>
		<id>it</id>
		<description>it (italian)</description>
	</language>
	<language>
		<id>iw</id>
		<description>iw (hebrew)</description>
	</language>
	<language>
		<id>ja</id>
		<description>ja (japanese)</description>
	</language>
	<language>
		<id>ji</id>
		<description>ji (yiddish)</description>
	</language>
	<language>
		<id>jw</id>
		<description>jw (javanese)</description>
	</language>
	<language>
		<id>ka</id>
		<description>ka (georgian)</description>
	</language>
	<language>
		<id>kk</id>
		<description>kk (kazakh)</description>
	</language>
	<language>
		<id>kl</id>
		<description>kl (greenlandic)</description>
	</language>
	<language>
		<id>km</id>
		<description>km (cambodian)</description>
	</language>
	<language>
		<id>kn</id>
		<description>kn (kannada)</description>
	</language>
	<language>
		<id>ko</id>
		<description>ko (korean)</description>
	</language>
	<language>
		<id>ks</id>
		<description>ks (kashmiri)</description>
	</language>
	<language>
		<id>ku</id>
		<description>ku (kurdish)</description>
	</language>
	<language>
		<id>ky</id>
		<description>ky (kirghiz)</description>
	</language>
	<language>
		<id>la</id>
		<description>la (latin)</description>
	</language>
	<language>
		<id>ln</id>
		<description>ln (lingala)</description>
	</language>
	<language>
		<id>lo</id>
		<description>lo (laothian)</description>
	</language>
	<language>
		<id>lt</id>
		<description>lt (lithuanian)</description>
	</language>
	<language>
		<id>lv</id>
		<description>lv (latvian)</description>
	</language>
	<language>
		<id>mg</id>
		<description>mg (malagasy)</description>
	</language>
	<language>
		<id>mi</id>
		<description>mi (maori)</description>
	</language>
	<language>
		<id>mk</id>
		<description>mk (macedonian)</description>
	</language>
	<language>
		<id>ml</id>
		<description>ml (malayalam)</description>
	</language>
	<language>
		<id>mn</id>
		<description>mn (mongolian)</description>
	</language>
	<language>
		<id>mo</id>
		<description>mo (moldavian)</description>
	</language>
	<language>
		<id>mr</id>
		<description>mr (marathi)</description>
	</language>
	<language>
		<id>ms</id>
		<description>ms (malay)</description>
	</language>
	<language>
		<id>mt</id>
		<description>mt (maltese)</description>
	</language>
	<language>
		<id>my</id>
		<description>my (burmese)</description>
	</language>
	<language>
		<id>na</id>
		<description>na (nauru)</description>
	</language>
	<language>
		<id>ne</id>
		<description>ne (nepali)</description>
	</language>
	<language>
		<id>nl</id>
		<description>nl (dutch)</description>
	</language>
	<language>
		<id>no</id>
		<description>no (norwegian)</description>
	</language>
	<language>
		<id>oc</id>
		<description>oc (occitan)</description>
	</language>
	<language>
		<id>om</id>
		<description>om (oromo)</description>
	</language>
	<language>
		<id>or</id>
		<description>or (oriya)</description>
	</language>
	<language>
		<id>pa</id>
		<description>pa (punjabi)</description>
	</language>
	<language>
		<id>pl</id>
		<description>pl (polish)</description>
	</language>
	<language>
		<id>ps</id>
		<description>ps (pashto)</description>
	</language>
	<language>
		<id>pt</id>
		<description>pt (portuguese)</description>
	</language>
	<language>
		<id>qu</id>
		<description>qu (quechua)</description>
	</language>
	<language>
		<id>rm</id>
		<description>rm (rhaeto-romance)</description>
	</language>
	<language>
		<id>rn</id>
		<description>rn (kirundi)</description>
	</language>
	<language>
		<id>ro</id>
		<description>ro (romanian)</description>
	</language>
	<language>
		<id>ru</id>
		<description>ru (russian)</description>
	</language>
	<language>
		<id>rw</id>
		<description>rw (kinyarwanda)</description>
	</language>
	<language>
		<id>sa</id>
		<description>sa (sanskrit)</description>
	</language>
	<language>
		<id>sd</id>
		<description>sd (sindhi)</description>
	</language>
	<language>
		<id>sg</id>
		<description>sg (sangro)</description>
	</language>
	<language>
		<id>sh</id>
		<description>sh (serbo-croatian)</description>
	</language>
	<language>
		<id>si</id>
		<description>si (singhalese)</description>
	</language>
	<language>
		<id>sk</id>
		<description>sk (slovak)</description>
	</language>
	<language>
		<id>sl</id>
		<description>sl (slovenian)</description>
	</language>
	<language>
		<id>sm</id>
		<description>sm (samoan)</description>
	</language>
	<language>
		<id>sn</id>
		<description>sn (shona)</description>
	</language>
	<language>
		<id>so</id>
		<description>so (somali)</description>
	</language>
	<language>
		<id>sq</id>
		<description>sq (albanian)</description>
	</language>
	<language>
		<id>sr</id>
		<description>sr (serbian)</description>
	</language>
	<language>
		<id>ss</id>
		<description>ss (siswati)</description>
	</language>
	<language>
		<id>st</id>
		<description>st (sesotho)</description>
	</language>
	<language>
		<id>su</id>
		<description>su (sudanese)</description>
	</language>
	<language>
		<id>sv</id>
		<description>sv (swedish)</description>
	</language>
	<language>
		<id>sw</id>
		<description>sw (swahili)</description>
	</language>
	<language>
		<id>ta</id>
		<description>ta (tamil)</description>
	</language>
	<language>
		<id>te</id>
		<description>te (tegulu)</description>
	</language>
	<language>
		<id>tg</id>
		<description>tg (tajik)</description>
	</language>
	<language>
		<id>th</id>
		<description>th (thai)</description>
	</language>
	<language>
		<id>ti</id>
		<description>ti (tigrinya)</description>
	</language>
	<language>
		<id>tk</id>
		<description>tk (turkmen)</description>
	</language>
	<language>
		<id>tl</id>
		<description>tl (tagalog)</description>
	</language>
	<language>
		<id>tn</id>
		<description>tn (setswana)</description>
	</language>
	<language>
		<id>to</id>
		<description>to (tonga)</description>
	</language>
	<language>
		<id>tr</id>
		<description>tr (turkish)</description>
	</language>
	<language>
		<id>ts</id>
		<description>ts (tsonga)</description>
	</language>
	<language>
		<id>tt</id>
		<description>tt (tatar)</description>
	</language>
	<language>
		<id>tw</id>
		<description>tw (twi)</description>
	</language>
	<language>
		<id>uk</id>
		<description>uk (ukrainian)</description>
	</language>
	<language>
		<id>ur</id>
		<description>ur (urdu)</description>
	</language>
	<language>
		<id>uz</id>
		<description>uz (uzbek)</description>
	</language>
	<language>
		<id>vi</id>
		<description>vi (vietnamese)</description>
	</language>
	<language>
		<id>vo</id>
		<description>vo (volapuk)</description>
	</language>
	<language>
		<id>wo</id>
		<description>wo (wolof)</description>
	</language>
	<language>
		<id>xh</id>
		<description>xh (xhosa)</description>
	</language>
	<language>
		<id>yo</id>
		<description>yo (yoruba)</description>
	</language>
	<language>
		<id>zh</id>
		<description>zh (chinese)</description>
	</language>
	<language>
		<id>zu</id>
		<description>zu (zulu)</description>
	</language>

</PodcastGenerator>